{"cameraMode":{"drawMode":0,"name":"Shaded","section":"Shading Mode"},"sceneLighting":true,"audioPlay":false,"sceneViewState":{"m_AlwaysRefresh":false,"showFog":true,"showSkybox":true,"showFlares":true,"showImageEffects":true,"showParticleSystems":true,"showVisualEffectGraphs":true,"m_FxEnabled":true},"in2DMode":false,"pivot":{"x":251.31060791015626,"y":467.68975830078127,"z":919.3580322265625},"rotation":{"x":-0.011409487575292588,"y":-0.00030289500136859715,"z":0.0000034239071737829365,"w":-0.9999390244483948},"size":20.870018005371095,"orthographic":false}